횡단보도ID,seed,demand_profile,veh_per_hour,ped_lambda,elderly_ratio,ped_count
23040,42,seoul_commute_peak,1830.791983989962,999.0,0.1901991313611407,483
23040,43,seoul_commute_peak,2018.0669839899622,944.0,0.1901991313611407,482
9494,42,seoul_commute_peak,1830.791983989962,999.0,0.1998197792295562,483
9494,43,seoul_commute_peak,2018.0669839899622,944.0,0.1998197792295562,482
6122,42,seoul_commute_peak,1220.5279893266415,999.0,0.2946596858638743,483
6122,43,seoul_commute_peak,1345.3779893266415,944.0,0.2946596858638743,482
6213,42,seoul_commute_peak,3661.583967979924,999.0,0.2946596858638743,483
6213,43,seoul_commute_peak,4036.1339679799244,944.0,0.2946596858638743,482
